Date,Close
2023-09-18,32.41158676147461
2023-09-19,32.592750549316406
2023-09-20,33.03273010253906
2023-09-21,32.851566314697266
2023-09-22,32.273555755615234
2023-09-25,32.56686782836914
2023-09-26,32.161407470703125
2023-09-27,32.08375930786133
2023-09-28,31.12616729736328
2023-09-29,29.93564224243164
2023-10-02,29.875253677368164
2023-10-03,29.80623435974121
2023-10-04,30.61717414855957
2023-10-05,30.763830184936523
2023-10-06,29.86662483215332
2023-10-09,29.02980613708496
2023-10-10,30.116806030273438
2023-10-11,29.236852645874023
2023-10-12,28.460430145263672
2023-10-13,28.374156951904297
2023-10-16,28.857267379760742
2023-10-17,30.2462158203125
2023-10-18,30.3238525390625
2023-10-19,29.52154541015625
2023-10-20,28.857267379760742
2023-10-23,28.287887573242188
2023-10-24,28.926279067993164
2023-10-25,29.676836013793945
2023-10-26,29.236852645874023
2023-10-27,29.202341079711914
2023-10-30,28.900402069091797
2023-10-31,28.503562927246094
2023-11-01,30.030536651611328
2023-11-03,30.203075408935547
2023-11-06,29.90975570678711
2023-11-07,29.659574508666992
2023-11-08,29.45252799987793
2023-11-09,29.69407844543457
2023-11-10,29.40077018737793
2023-11-13,28.624338150024414
2023-11-14,29.49566078186035
2023-11-15,29.728591918945312
2023-11-16,29.228229522705078
2023-11-17,29.49566078186035
2023-11-21,29.52154541015625
2023-11-22,29.26273536682129
2023-11-23,29.288616180419922
2023-11-24,29.279987335205078
2023-11-27,29.3748836517334
2023-11-28,29.331748962402344
2023-11-29,29.504295349121094
2023-11-30,30.203075408935547
2023-12-01,30.384246826171875
2023-12-04,30.021909713745117
2023-12-05,29.685457229614258
2023-12-06,30.203075408935547
2023-12-07,29.797609329223633
2023-12-08,30.039167404174805
2023-12-11,29.676836013793945
2023-12-13,31.341842651367188
2023-12-14,32.14414596557617
2023-12-15,31.95435905456543
2023-12-18,32.25629806518555
2023-12-19,31.945730209350586
2023-12-20,31.54888916015625
2023-12-21,32.43746566772461
2023-12-22,32.911949157714844
2023-12-26,32.773921966552734
2023-12-27,33.16212844848633
2023-12-28,32.98096466064453
2023-12-29,32.82567596435547
2024-01-02,32.43746566772461
2024-01-03,32.01474380493164
2024-01-04,32.377071380615234
2024-01-05,32.55824661254883
2024-01-08,32.15277862548828
2024-01-09,31.523006439208984
2024-01-10,32.2217903137207
2024-01-11,32.635887145996094
2024-01-12,32.273555755615234
2024-01-15,32.25629806518555
2024-01-16,32.377071380615234
2024-01-17,32.40296173095703
2024-01-18,32.6962776184082
2024-01-19,33.2484016418457
2024-01-22,33.11037063598633
2024-01-23,32.687652587890625
2024-01-24,32.0061149597168
2024-01-25,32.610008239746094
2024-01-26,33.1966438293457
2024-01-29,33.265663146972656
2024-01-30,33.55034637451172
2024-01-31,33.714263916015625
2024-02-01,33.44682312011719
2024-02-02,33.386436462402344
2024-02-06,33.515838623046875
2024-02-07,34.413047790527344
2024-02-08,33.64524841308594
2024-02-09,32.635887145996094
2024-02-12,33.144874572753906
2024-02-13,32.72216033935547
2024-02-14,32.55824661254883
2024-02-15,32.82567596435547
2024-02-16,32.62725830078125
2024-02-19,33.30016326904297
2024-02-20,32.937835693359375
2024-02-21,32.99821853637695
2024-02-22,32.6962776184082
2024-02-23,32.98096466064453
2024-02-26,32.6962776184082
2024-02-27,32.43746566772461
2024-02-28,31.626527786254883
2024-02-29,32.687652587890625
2024-03-01,32.26492691040039
2024-03-04,32.135520935058594
2024-03-05,32.19591522216797
2024-03-06,32.42021179199219
2024-03-07,33.03273010253906
2024-03-08,32.54961395263672
2024-03-11,32.57550048828125
2024-03-12,32.23041915893555
2024-03-13,32.739410400390625
2024-03-14,32.929203033447266
2024-03-15,32.739410400390625
2024-03-19,32.635887145996094
2024-03-20,32.929203033447266
2024-03-21,32.67039108276367
2024-03-22,32.56686782836914
2024-03-25,32.18728256225586
2024-03-26,32.5064811706543
2024-03-27,33.42094039916992
2024-04-01,33.464073181152344
2024-04-02,35.067962646484375
2024-04-03,34.91391372680664
2024-04-04,34.96828079223633
2024-04-05,34.551456451416016
2024-04-08,34.551456451416016
2024-04-09,35.24012756347656
2024-04-10,34.80517578125
2024-04-11,34.88673400878906
2024-04-12,34.705501556396484
2024-04-15,34.3702278137207
2024-04-16,34.216182708740234
2024-04-17,34.23430633544922
2024-04-18,34.27054977416992
2024-04-19,32.965694427490234
2024-04-22,33.24660110473633
2024-04-23,33.68155288696289
2024-04-24,33.32815933227539
2024-04-25,33.07443618774414
2024-04-26,33.237545013427734
2024-04-29,32.70291519165039
2024-04-30,32.40388488769531
2024-05-02,33.02912902832031
2024-05-03,33.34627914428711
2024-05-06,33.27378845214844
2024-05-07,32.74821853637695
2024-05-08,32.322330474853516
2024-05-09,32.802589416503906
2024-05-10,33.04724884033203
2024-05-13,33.237545013427734
2024-05-14,33.14692306518555
2024-05-15,33.13786315917969
2024-05-16,34.03495407104492
2024-05-17,33.25566482543945
2024-05-20,33.01100540161133
2024-05-21,32.26796340942383
2024-05-22,32.358577728271484
2024-05-23,32.947574615478516
2024-05-24,32.40388488769531
2024-05-27,32.485435485839844
2024-05-28,31.86925506591797
2024-05-29,32.16828536987305
2024-05-30,32.684791564941406
2024-05-31,32.331390380859375
2024-06-03,30.528152465820312
2024-06-04,31.633655548095703
2024-06-05,32.22265625
2024-06-06,31.80582046508789
2024-06-07,30.337862014770508
2024-06-10,30.49190902709961
2024-06-11,30.08414077758789
2024-06-12,30.120391845703125
2024-06-13,29.57670021057129
2024-06-14,29.25954818725586
2024-06-17,29.042072296142578
2024-06-18,29.10550308227539
2024-06-19,28.878965377807617
2024-06-20,28.860843658447266
2024-06-21,29.168930053710938
2024-06-24,29.495147705078125
2024-06-25,29.29579734802246
2024-06-26,28.99676513671875
2024-06-27,28.72492218017578
2024-06-28,28.588998794555664
2024-07-01,28.362459182739258
2024-07-02,28.0362491607666
2024-07-03,27.764402389526367
2024-07-04,27.40194320678711
2024-07-05,27.438188552856445
2024-07-08,28.190292358398438
2024-07-09,28.1540470123291
2024-07-10,28.380584716796875
2024-07-11,29.495147705078125
2024-07-12,29.911970138549805
2024-07-15,29.875730514526367
2024-07-16,30.038837432861328
2024-07-17,29.984468460083008
2024-07-18,29.893856048583984
2024-07-19,30.863433837890625
2024-07-22,30.53721809387207
2024-07-23,29.921037673950195
2024-07-24,29.63106918334961
2024-07-25,29.9572811126709
2024-07-26,30.147571563720703
2024-07-29,29.612945556640625
2024-07-30,29.47702407836914
2024-07-31,30.08414077758789
2024-08-01,29.359224319458008
2024-08-02,28.815536499023438
2024-08-05,28.933334350585938
2024-08-06,29.603883743286133
2024-08-07,30.35598373413086
2024-08-08,31.017473220825195
2024-08-09,31.370874404907227
2024-08-12,30.990293502807617
2024-08-13,31.370874404907227
2024-08-14,31.28931999206543
2024-08-15,31.3618106842041
2024-08-16,31.171525955200195
2024-08-19,30.95404624938965
2024-08-20,30.37411117553711
2024-08-21,29.911970138549805
2024-08-22,29.884788513183594
2024-08-23,29.558578491210938
2024-08-26,29.150808334350586
2024-08-27,29.440778732299805
2024-08-28,29.848543167114258
2024-08-29,29.603883743286133
2024-08-30,29.29579734802246
2024-09-02,29.676380157470703
2024-09-03,29.40453338623047
2024-09-04,29.612945556640625
2024-09-05,29.241424560546875
2024-09-06,29.042072296142578
2024-09-09,29.02394676208496
2024-09-10,28.85177993774414
2024-09-11,28.72492218017578
2024-09-12,29.26860809326172
2024-09-13,28.7430419921875
2024-09-17,28.85177993774414
2024-09-18,29.350162506103516
2024-09-19,29.29579734802246
2024-09-20,29.005826950073242
2024-09-23,29.43171501159668
2024-09-24,29.73980712890625
2024-09-25,29.159873962402344
2024-09-26,28.84272003173828
2024-09-27,28.815536499023438
2024-09-30,28.906150817871094
2024-10-02,29.168930053710938
2024-10-03,28.8970890045166
2024-10-04,29.40453338623047
2024-10-07,29.150808334350586
2024-10-08,28.46213722229004
2024-10-09,27.900327682495117
2024-10-10,28.090614318847656
2024-10-11,28.643367767333984
2024-10-14,28.21747589111328
2024-10-15,27.628480911254883
2024-10-16,27.601293563842773
2024-10-17,27.77346420288086
2024-10-18,27.637542724609375
2024-10-21,26.840131759643555
2024-10-22,26.296443939208984
2024-10-23,25.779937744140625
2024-10-24,26.160520553588867
2024-10-25,26.078964233398438
2024-10-28,25.798057556152344
2024-10-29,26.042720794677734
2024-10-30,25.888673782348633
2024-10-31,26.124271392822266
2024-11-01,26.2420711517334
2024-11-04,26.097087860107422
2024-11-05,26.078964233398438
2024-11-06,25.997413635253906
2024-11-07,26.13333511352539
2024-11-08,26.124271392822266
2024-11-11,25.97928810119629
2024-11-12,25.716506958007812
2024-11-13,25.734630584716797
2024-11-14,25.45372200012207
2024-11-15,25.698381423950195
2024-11-19,25.63495635986328
2024-11-20,24.88284683227539
2024-11-21,25.17281723022461
2024-11-22,25.625890731811523
2024-11-25,25.091264724731445
2024-11-26,25.22718620300293
2024-11-27,25.08220100402832
2024-11-28,24.964401245117188
2024-11-29,24.65631103515625
2024-12-02,25.290616989135742
2024-12-03,25.580583572387695
2024-12-04,25.335922241210938
2024-12-05,25.163755416870117
2024-12-06,24.982524871826172
2024-12-09,25.000648498535156
2024-12-10,24.88284683227539
2024-12-11,25.372167587280273
2024-12-13,25.961164474487305
2024-12-16,25.644012451171875
2024-12-17,25.48996925354004
2024-12-18,25.372167587280273
2024-12-19,25.372167587280273
2024-12-20,26.704206466674805
2024-12-23,25.91585922241211
2024-12-24,25.952106475830078
2024-12-26,26.205825805664062
2024-12-27,26.40517807006836
2024-12-30,26.314565658569336
2024-12-31,26.60453224182129
2025-01-02,26.849191665649414
2025-01-03,26.6679630279541
2025-01-06,26.3961181640625
2025-01-07,26.34174919128418
2025-01-08,26.278318405151367
2025-01-09,26.34174919128418
2025-01-10,26.368934631347656
2025-01-13,26.686084747314453
2025-01-14,26.957929611206055
2025-01-15,26.196765899658203
2025-01-16,26.205825805664062
2025-01-17,26.45954704284668
2025-01-20,26.124271392822266
2025-01-21,26.377994537353516
2025-01-22,27.084789276123047
2025-01-23,26.722332000732422
2025-01-24,27.102914810180664
2025-01-27,27.728158950805664
2025-01-28,27.855016708374023
2025-01-29,27.954694747924805
2025-01-30,28.308090209960938
2025-01-31,27.990938186645508
2025-02-04,28.37152099609375
2025-02-05,27.791587829589844
2025-02-06,27.66472816467285
2025-02-07,28.29903221130371
2025-02-10,28.317153930664062
2025-02-11,28.0362491607666
2025-02-12,28.84272003173828
2025-02-13,29.42265510559082
2025-02-14,29.042072296142578
2025-02-17,28.498384475708008
2025-02-18,28.915212631225586
2025-02-19,29.232362747192383
2025-02-20,29.43171501159668
2025-02-21,29.413589477539062
2025-02-24,30.156631469726562
2025-02-25,29.776050567626953
2025-02-26,29.350162506103516
2025-02-27,28.163108825683594
2025-02-28,27.981876373291016
2025-03-03,28.226539611816406
2025-03-04,28.308090209960938
2025-03-05,28.46213722229004
2025-03-06,28.498384475708008
2025-03-07,28.56181526184082
2025-03-10,28.67055320739746
2025-03-11,29.0964412689209
2025-03-12,29.26860809326172
2025-03-13,29.59482192993164
2025-03-14,28.824596405029297
2025-03-18,29.54045295715332
2025-03-19,29.694499969482422
2025-03-20,29.658254623413086
2025-03-21,29.513269424438477
2025-03-24,29.52233123779297
2025-03-25,29.812301635742188
2025-03-26,29.902912139892578
2025-03-27,29.96634292602539
2025-03-28,30.383167266845703
2025-03-31,30.383167266845703
2025-04-01,30.08414077758789
2025-04-02,29.927698135375977
2025-04-03,30.59950065612793
2025-04-04,30.516674041748047
2025-04-07,29.84486961364746
2025-04-08,29.044219970703125
2025-04-09,30.58109474182129
2025-04-10,29.725231170654297
2025-04-11,29.366321563720703
2025-04-14,29.76204490661621
2025-04-15,30.139362335205078
2025-04-16,30.08414077758789
2025-04-21,30.194578170776367
2025-04-22,30.019723892211914
2025-04-23,30.360231399536133
2025-04-24,30.61790657043457
2025-04-25,31.317323684692383
2025-04-28,32.21920394897461
2025-04-29,31.133272171020508
2025-04-30,31.749860763549805
2025-05-02,32.03514862060547
2025-05-05,31.851089477539062
2025-05-06,32.670143127441406
2025-05-07,32.14558029174805
2025-05-08,32.348045349121094
2025-05-09,31.90630340576172
2025-05-12,31.62101936340332
2025-05-13,32.320438385009766
2025-05-14,32.28362274169922
2025-05-15,32.0627555847168
2025-05-16,32.09956741333008
2025-05-19,32.200801849365234
2025-05-20,32.52289962768555
2025-05-21,32.08115768432617
2025-05-22,31.611814498901367
2025-05-23,31.436962127685547
2025-05-26,31.39095115661621
2025-05-27,31.427762985229492
2025-05-28,31.47377586364746
2025-05-29,31.436962127685547
2025-05-30,31.841888427734375
2025-06-02,31.78666877746582
2025-06-03,31.078048706054688
2025-06-04,31.48297691345215
2025-06-05,31.19768714904785
2025-06-06,31.436962127685547
2025-06-09,31.62101936340332
2025-06-10,31.89710235595703
2025-06-11,30.829570770263672
2025-06-12,31.01363182067871
2025-06-13,31.409353256225586
2025-06-16,31.823486328125
2025-06-17,31.685440063476562
2025-06-18,31.36334228515625
2025-06-19,32.0627555847168
2025-06-20,31.225297927856445
2025-06-23,31.400148391723633
2025-06-24,31.759057998657227
2025-06-25,31.57500648498535
2025-06-26,31.418554306030273
2025-06-27,31.252904891967773
2025-06-30,31.6578369140625
2025-07-01,31.87869644165039
2025-07-02,32.24297332763672
2025-07-03,32.13089370727539
2025-07-04,32.252315521240234
2025-07-07,32.3083610534668
2025-07-08,31.822660446166992
2025-07-09,32.00946807861328
2025-07-10,31.878700256347656
2025-07-11,32.93416213989258
2025-07-14,32.91548538208008
2025-07-15,33.99897003173828
2025-07-16,33.410518646240234
2025-07-17,33.52260971069336
2025-07-18,33.17701721191406
2025-07-21,32.79405975341797
2025-07-22,32.79405975341797
2025-07-23,32.990203857421875
2025-07-24,32.92481994628906
2025-07-25,32.14957046508789
2025-07-28,32.35506057739258
2025-07-29,32.67263412475586
2025-07-30,32.803401947021484
2025-07-31,32.990203857421875
2025-08-01,33.21437072753906
2025-08-04,32.92481994628906
2025-08-05,33.51326370239258
2025-08-06,33.34514236450195
2025-08-07,34.34455871582031
2025-08-08,34.2791748046875
2025-08-11,34.35390090942383
2025-08-12,34.09237289428711
2025-08-13,33.86819839477539
2025-08-14,33.718753814697266
2025-08-15,33.298439025878906
2025-08-18,33.52260971069336
2025-08-19,34.16709518432617
2025-08-20,33.91490173339844
2025-08-21,33.63469314575195
2025-08-22,33.62535095214844
2025-08-25,33.59733200073242
2025-08-26,32.13089370727539
2025-08-27,33.33579635620117
2025-08-28,32.97152328491211
2025-08-29,32.822078704833984
2025-09-01,32.87812042236328
2025-09-02,33.261077880859375
2025-09-03,33.90555953979492
2025-09-04,33.877540588378906
2025-09-05,34.46598815917969
2025-09-08,34.540706634521484
2025-09-09,34.60608673095703
2025-09-10,34.84893798828125
2025-09-11,34.88630294799805
2025-09-12,35.35331726074219
2025-09-15,35.45606231689453
2025-09-17,34.8956413269043
2025-09-18,35.24123764038086
2025-09-19,34.09237289428711
2025-09-22,34.71817398071289
2025-09-23,34.83026123046875
2025-09-24,34.2791748046875
2025-09-25,33.970943450927734
2025-09-26,34.59675216674805
2025-09-29,35.19453430175781
2025-09-30,36.0164909362793
2025-10-01,35.13618469238281
2025-10-02,35.55267333984375
2025-10-03,35.950225830078125
2025-10-06,36.13007354736328
2025-10-07,35.4580192565918
2025-10-08,35.02260208129883
2025-10-09,35.07939910888672
2025-10-10,34.880615234375
2025-10-13,34.568260192871094
2025-10-14,34.464134216308594
2025-10-15,34.32215118408203
2025-10-16,34.880615234375
2025-10-17,34.00979232788086
2025-10-20,33.54597473144531
2025-10-21,33.176815032958984
2025-10-22,33.309329986572266
2025-10-23,33.49864959716797
2025-10-24,33.02536392211914
2025-10-27,33.20521545410156
2025-10-28,34.20856475830078
2025-10-29,33.848873138427734
2025-10-30,33.65956115722656
2025-10-31,34.08551025390625
2025-11-03,32.37224578857422
2025-11-04,32.76979446411133
2025-11-05,33.16735076904297
2025-11-06,33.356666564941406
2025-11-07,34.16123962402344
2025-11-10,33.8299446105957
2025-11-11,33.88673400878906
2025-11-12,34.00032043457031
2025-11-13,34.4452018737793
2025-11-14,35.30657196044922
2025-11-18,35.1929817199707
2025-11-19,34.72916793823242
2025-11-20,35.0036735534668
2025-11-21,34.29375076293945
2025-11-24,34.54932403564453
2025-11-25,34.72916793823242
2025-11-26,34.79542541503906
2025-11-27,34.7765007019043
2025-11-28,36.6601448059082
2025-12-01,37.862274169921875
2025-12-02,36.30044937133789
2025-12-03,36.242897033691406
2025-12-04,36.396385192871094
2025-12-05,36.4731330871582
2025-12-08,36.760929107666016
2025-12-09,36.64580535888672
2025-12-10,36.319644927978516
2025-12-11,37.144649505615234
2025-12-15,36.88563919067383
2025-12-16,36.44435501098633
2025-12-17,35.014976501464844
2025-12-18,36.01266098022461
2025-12-19,36.54987716674805
2025-12-22,37.173431396484375
2025-12-23,37.259769439697266
2025-12-24,37.07749938964844
2025-12-26,36.88563919067383
2025-12-29,36.94319534301758
2025-12-30,36.58824920654297
2025-12-31,36.84726333618164
2026-01-02,36.617027282714844
2026-01-05,36.684181213378906
2026-01-06,36.204524993896484
2026-01-07,35.68649673461914
2026-01-08,36.137367248535156
2026-01-09,36.45394515991211
2026-01-12,36.49231719970703
2026-01-13,36.617027282714844
2026-01-14,37.422855377197266
2026-01-15,37.40366744995117
2026-01-16,37.499595642089844
2026-01-19,36.732147216796875
2026-01-20,36.57865524291992
2026-01-21,37.50918960571289
2026-01-22,38.928977966308594
2026-01-23,38.228675842285156
2026-01-26,37.94088363647461
2026-01-27,38.2574577331543
2026-01-28,38.142337799072266
2026-01-29,38.324607849121094
2026-01-30,37.13505935668945
2026-02-03,37.88332748413086
2026-02-04,37.5859375
2026-02-05,38.45891571044922
2026-02-06,39.50456237792969
2026-02-09,39.811546325683594
2026-02-10,40.531028747558594
2026-02-11,40.14730453491211
2026-02-12,40.96272277832031
2026-02-13,40.49266052246094
2026-02-16,42.00837707519531
2026-02-17,40.818824768066406
2026-02-18,40.16648864746094
2026-02-19,40.24324035644531
2026-02-20,40.857200622558594
2026-02-23,40.82841873168945
2026-02-24,40.61737060546875
2026-02-25,40.96272277832031
2026-02-26,41.442378997802734
2026-02-27,41.43278503417969
2026-03-02,41.30807876586914
2026-03-03,40.396728515625
2026-03-04,41.36563491821289
2026-03-05,40.722896575927734
2026-03-06,39.849918365478516
2026-03-09,39.61008834838867
2026-03-10,39.811546325683594
2026-03-11,40.05137252807617
2026-03-12,40.10893249511719
2026-03-13,40.099342346191406
2026-03-17,40.96272277832031
2026-03-18,40.1856803894043
2026-03-19,39.36066436767578
2026-03-20,37.566749572753906
2026-03-23,38.53565216064453
2026-03-24,38.957759857177734
2026-03-25,40.070556640625
2026-03-26,39.51415252685547
2026-03-27,39.65805435180664
2026-03-30,40.396728515625
2026-03-31,40.71329879760742
2026-04-01,41.394412994384766
2026-04-06,41.116214752197266
2026-04-07,40.367950439453125
2026-04-08,40.7373161315918
2026-04-09,40.29990768432617
2026-04-10,40.03745651245117
2026-04-13,40.10550308227539
2026-04-14,39.71669387817383
2026-04-15,40.83451461791992
2026-04-16,40.18326187133789
2026-04-17,40.163822174072266
2026-04-20,40.630393981933594
2026-04-21,40.15410614013672
2026-04-23,40.43598556518555
2026-04-24,40.445709228515625
2026-04-27,40.1929817199707
2026-04-28,39.94026184082031
2026-04-29,38.3655891418457
2026-04-30,38.34614944458008
2026-05-04,38.044822692871094
2026-05-05,38.74467849731445
2026-05-06,38.637752532958984
2026-05-07,38.03510284423828
2026-05-08,38.1517448425293
2026-05-11,37.85041809082031
2026-05-12,37.7337760925293
2026-05-13,37.675453186035156
2026-05-14,37.3158073425293
2026-05-15,37.208885192871094
2026-05-18,36.927001953125
2026-05-19,37.48105239868164
2026-05-20,37.7337760925293
2026-05-21,37.01448440551758
2026-05-22,36.54791259765625
2026-05-25,36.59651565551758
2026-05-26,36.674278259277344
2026-05-27,37.957340240478516
2026-05-28,37.18944549560547
2026-05-29,37.325531005859375
2026-06-01,37.50049591064453
2026-06-02,37.22832489013672
2026-06-03,37.0339241027832
2026-06-04,36.65483474731445
2026-06-05,35.88693618774414
2026-06-08,35.877220153808594
2026-06-09,35.1482048034668
2026-06-10,34.623313903808594
2026-06-11,35.49813461303711
2026-06-12,36.372947692871094
2026-06-15,36.4021110534668
2026-06-16,36.80064010620117
2026-06-17,36.86867904663086
2026-06-18,36.02302551269531
2026-06-19,37.29636764526367
2026-06-22,36.460426330566406
2026-06-23,36.12994384765625
2026-06-24,36.18826675415039
2026-06-25,37.170005798339844
2026-06-26,37.762935638427734
2026-06-29,37.801815032958984
2026-06-30,37.539371490478516
2026-07-01,38.022544860839844
2026-07-02,37.97323989868164
2026-07-03,37.904212951660156
2026-07-06,38.72264862060547
2026-07-07,38.584598541259766
2026-07-08,38.18031311035156
2026-07-09,37.953521728515625
2026-07-10,37.59853744506836
2026-07-13,37.66756057739258
2026-07-14,37.99296188354492
2026-07-15,38.1901741027832
2026-07-16,38.3676643371582
2026-07-17,38.13100814819336
2026-07-20,37.85491180419922
2026-07-21,37.864776611328125
2026-07-22,38.30849838256836
2026-07-23,38.65362548828125
2026-07-24,39.14665603637695
2026-07-27,39.36358642578125
2026-07-28,40.073551177978516
2026-07-29,39.8270378112793
2026-07-30,39.777732849121094
2026-07-31,39.62982177734375
2026-08-03,39.45233154296875
2026-08-04,39.728431701660156
2026-08-05,39.708709716796875
2026-08-06,39.59038162231445
2026-08-07,40.162296295166016
2026-08-10,39.817176818847656
2026-08-11,38.95930099487305
2026-08-12,39.22553634643555
2026-08-13,38.860694885253906
2026-08-14,38.584598541259766
2026-08-17,38.15073013305664
2026-08-18,38.00282287597656
2026-08-19,38.1014289855957
2026-08-20,38.08170700073242
2026-08-21,38.51557540893555
2026-08-24,39.13679122924805
2026-08-25,39.40303039550781
2026-08-26,39.21567916870117
2026-08-27,39.21567916870117
2026-08-28,39.57066345214844
2026-08-31,39.32414627075195
2026-09-01,38.83111572265625
2026-09-02,38.732505798339844
2026-09-03,38.555015563964844
2026-09-04,38.574737548828125
2026-09-07,38.85083770751953
2026-09-08,38.41696548461914
2026-09-09,38.06198501586914
2026-09-10,37.904212951660156
2026-09-11,37.96337890625
2026-09-14,38.229618072509766
2026-09-15,37.89435577392578
